{
  "project_info": {
    "project_number": "404119214160",
    "firebase_url": "https://bulatec-f29bd.firebaseio.com",
    "project_id": "bulatec-f29bd",
    "storage_bucket": "bulatec-f29bd.appspot.com"
  },
  "client": [
    {
      "client_info": {
        "mobilesdk_app_id": "1:404119214160:android:900dbbf81b9644d4d15955",
        "android_client_info": {
          "package_name": "br.com.bulatec"
        }
      },
      "oauth_client": [
        {
          "client_id": "404119214160-8ucd2dt7tq4a79o840h913pjfh8ucr10.apps.googleusercontent.com",
          "client_type": 3
        }
      ],
      "api_key": [
        {
          "current_key": "AIzaSyDTW0phDXJaN4lC5d9RFz1HzcJdzc8R1p4"
        }
      ],
      "services": {
        "appinvite_service": {
          "other_platform_oauth_client": [
            {
              "client_id": "404119214160-8ucd2dt7tq4a79o840h913pjfh8ucr10.apps.googleusercontent.com",
              "client_type": 3
            }
          ]
        }
      }
    }
  ],
  "configuration_version": "1"
}